{"cameraMode":{"drawMode":0,"name":"Shaded","section":"Shading Mode"},"sceneLighting":true,"audioPlay":false,"sceneViewState":{"m_AlwaysRefresh":false,"showFog":true,"showSkybox":true,"showFlares":true,"showImageEffects":true,"showParticleSystems":true,"showVisualEffectGraphs":true,"m_FxEnabled":true},"in2DMode":false,"pivot":{"x":-0.7914745807647705,"y":1.1685528755187989,"z":-0.5599177479743958},"rotation":{"x":-0.012536399066448212,"y":0.9813662171363831,"z":-0.06872048228979111,"w":-0.17915448546409608},"size":7.603174209594727,"orthographic":false}